Город;Город, к которому привязываем
Анжеро-Судженск;Кемерово
Апатиты;Мурманск
Армянск;Крым
Арсеньев;Владивосток
Ахтубинск;Астрахань
Байконур;Нур-Султан (Астана)
Балашиха;Москва
Белово;Кемерово
Белокуриха;Бийск
Белорецк;Уфа
Большой Камень;Владивосток
Борисоглебск;Воронеж
Будённовск;Ставрополь
Бузулук;Оренбург
Буйнакск;Махачкала
Верхняя Салда;Нижний Тагил
Видное;Москва
Вольск;Саратов
Воркута;Сыктывкар
Воскресенск;Москва
Вязьма;Смоленск
Гатчина;Санкт-Петербург
Геленджик;Краснодар
Георгиевск;Ставрополь
Глазов;Ижевск
Губкин;Старый Оскол
Гуково;Ростов
дачный посёлок Красково;Люберцы
дачный посёлок Черкизово;Пушкино
Дзержинский;Москва
Дмитров;Москва
Долгопрудный;Москва
Дубна;Москва
Егорьевск;Москва
Железногорск;Красноярск
Зеленодольск;Казань
Зерноград;Ростов
Ивангород;Сосновый Бор
Избербаш;Махачкала
Инза;Ульяновск
Ирбит;Екатеринбург
Ишимбай;Уфа
Каменск-Шахтинский;Ростов
Канаш;Чебоксары
Карачев;Брянск
Кизляр;Махачкала
Кинель;Самара
Клин;Москва
Княгинино;Нижний Новгород
Коряжма;Архангельск
Котельники;Москва
Котлас;Архангельск
Краснотурьинск;Екатеринбург
Кумертау;Уфа
Лениногорск;Казань
Лермонтов;Ставрополь
Лесной;Екатеринбург
Лесосибирск;Красноярск
Ливны;Орёл
Луга;Санкт-Петербург
Лысьва;Пермь
Мелеуз;Уфа
Минеральные Воды;Ставрополь
Мирный;Якутск
Михайловка;Волгоград
Мичуринск;Тамбов
Мценск;Орёл
Новотроицк;Оренбург
Новоуральск;Екатеринбург
Озерск;Челябинск
Павлово;Нижний Новгород
Павловский Посад;Москва
Переславль-Залесский;Ярославль
Покров;Владимир
Полесск;Калининград
посёлок городского типа Иноземцево;Ставрополь
посёлок городского типа Инской;Кемерово
посёлок городского типа Мстёра;Владимир
посёлок городского типа Приморский;Крым
посёлок городского типа Черёмушки;Абакан
посёлок городского типа Яблоновский;Майкоп
посёлок Красный Воин;Зеленоград
посёлок Майский;Белгород
посёлок Молодёжный;Иркутск
посёлок Орево;Москва
посёлок Персиановский;Ростов
посёлок Русский;Владивосток
посёлок Старотеряево;Москва
посёлок Электроизолятор;Москва
Протвино;Москва
Прохладный;Нальчик
рабочий посёлок Большие Вязёмы;Москва
рабочий посёлок Заокский;Тула
рабочий посёлок Малаховка;Люберцы
рабочий посёлок Шиморское;Нижний Новгород
Россошь;Воронеж
Рузаевка;Саранск
садовые участки;Пенза
Саров;Нижний Новгород
Свободный;Благовещенск
село Кокино;Брянск
село Миасское;Челябинск
село Молочное;Крым
село Октемцы;Якутск
село Чиркей;Махачкала
село Чурапча;Якутск
Сибай;Уфа
Славгород;Барнаул
Снежинск;Челябинск
Соликамск;Пермь
станица Полтавская;Краснодар
Ступино;Москва
Темрюк;Краснодар
Тихорецк;Краснодар
Трёхгорный;Челябинск
Туймазы;Уфа
Тутаев;Ярославль
Тында;Благовещенск
Унеча;Брянск
Усть-Илимск;Иркутск
Ухта;Сыктывкар
Юрга;Махачкала
Каспийск;Махачкала
село Экажево;Назрань
Волгодонск;Ростов
СНТ Луговое;Тюмень
Верхняя Пышма;Екатеринбург
Иннополис;Казань
Фрязино;Москва
Знаменск;Астрахань
Ковылкино;Саранск
Азов;Ростов
Дальнереченск;Владивосток
Ейск;Краснодар
Миллерово;Ростов
Чистополь;Казань
Дальнегорск;Владивосток
Сатка;Челябинск
Усолье-Сибирское;Иркутск
поселок Караваево;Кострома
село Лесниково;Курган
посёлок городского типа Усть-Кинельский;Самара
Оха;Южно-Сахалинск
Гаврилов-Ям;Ярославль
село Холуй;Иваново
село Федоскино;Москва
рабочий посёлок Богородское;Москва
Петровск;Саратов
Вичуга;Иваново
посёлок Мичуринский;Брянск
село Учебное;Нальчик
поселок Рыбное;Москва
Ивантеевка;Москва
рабочий посёлок Тучково;Москва
Балахна;Нижний Новгород
Орехово-Зуево;Москва
Голицыно;Москва
Гудермес;Грозный
Нижняя Тура;Екатеринбург
СТ Пищевик;Екатеринбург